{
 "bootbox" : "bootbox.min.js",

 "colorpicker" : "bootstrap-colorpicker.min.js",

 "datepicker"  : ["date-time/moment.min.js" , "date-time/bootstrap-datepicker.min.js"],

 "timepicker" : "date-time/bootstrap-timepicker.min.js",

 "daterangepicker" : "date-time/daterangepicker.min.js",

 "chosen" : "chosen.jquery.min.js",

 "excanvas" : "excanvas.min.js",

 "spinner" : "fuelux/fuelux.spinner.min.js",

 "wizard" : "fuelux/fuelux.wizard.min.js",

 "tree" : ["fuelux/data/fuelux.tree-sampledata.js" , "fuelux/fuelux.tree.min.js"],

 "fullcalendar" : "fullcalendar.min.js",

 "autosize" : "jquery.autosize-min.js",

 "colorbox" : "jquery.colorbox-min.js",

 "dataTables" : ["jquery.dataTables.min.js" , "jquery.dataTables.bootstrap.js"],

 "easy-pie-chart" : "jquery.easy-pie-chart.min.js",

 "flot" : "flot/jquery.flot.min.js",

 "flot.pie" : "flot/jquery.flot.pie.min.js",

 "flot.resize" : "flot/jquery.flot.resize.min.js",

 "gritter" : "jquery.gritter.min.js",

 "inputlimiter" : "jquery.inputlimiter.1.3.1.min.js",

 "knob" : "jquery.knob.min.js",

 "maskedinput" : "jquery.maskedinput.min.js",

 "slimscroll" : "jquery.slimscroll.min.js",

 "sparkline" : "jquery.sparkline.min.js",

 "validate" : ["jquery.validate.min.js" , "additional-methods.min.js"],

 "jquery-ui" : ["jquery-ui-1.10.3.custom.min.js" , "jquery.ui.touch-punch.min.js"],

 "prettify" : "prettify.js",

 "spin" : "spin.min.js",
 
 "markdown" : ["markdown/markdown.min.js", "markdown/bootstrap-markdown.min.js"],
 
 "wysiwyg" : ["jquery.hotkeys.min.js", "bootstrap-wysiwyg.min.js"],

 "backbone" : "backbone-min.js",

 "underscore" : "underscore-min.js",

 "common" : "common/common.js"
}